36372,1917
36493,1918
36631,1919
36811,1920
37013,1921
38572,1930
38771,1931
39158,1933
39347,1934
39549,1935
39752,1936
39973,1937
40168,1938
40382,1939
40612,1940
40804,1941
40964,1942
41134,1943
41298,1944
41461,1945
41644,1946
41863,1947
42119,1948
42392,1949
42663,1950
42967,1951
43225,1952
43500,1953
43747,1954
44051,1955
44311,1956
44590,1957
44868,1958
45172,1959
45466,1960
45833,1961
46142,1962
46477,1963
46802,1964
47176,1965
47506,1966
47849,1967
48255,1968
48677,1969
49085,1970
49544,1971
49976,1972
50448,1973
50921,1974
51374,1975
51822,1976
52309,1977
52772,1978
53222,1979
53729,1980
54267,1981
54767,1982
55340,1983
55891,1984
56460,1985
57000,1986
57544,1987
58145,1988
58730,1989
59375,1990
60149,1991
60956,1992
61676,1993
62504,1994
63375,1995
64233,1996
65064,1997
65954,1998
66877,1999
72989,2000
74165,2001
75323,2002
76573,2003
77935,2004
79583,2005
81615,2006
84707,2007
88822,2008
142335,A-side_and_B-side
190105,Above_mean_sea_level
192438,Absolute_magnitude
206622,Actor
206739,Actress
228846,Afghanistan
229601,Africa
229897,African_American_(U.S._Census)
249889,Airline_codes
250175,Airport
262606,Alabama
273064,Alberta
275656,Album
313376,Allmusic
314708,Alma_mater
323105,Alternative_rock
336271,American_Broadcasting_Company
336502,American_Civil_War
340597,American_football
340621,American_football_positions
380090,Animal
380733,Animalia
381068,Anime
418279,April_1
418291,April_10
418301,April_11
418310,April_12
418320,April_13
418329,April_14
418337,April_15
418346,April_16
418357,April_17
418367,April_18
418381,April_19
418442,April_2
418448,April_20
418521,April_21
418531,April_22
418542,April_23
418552,April_24
418562,April_25
418576,April_26
418588,April_27
418598,April_28
418607,April_29
418624,April_3
418628,April_30
418649,April_4
418658,April_5
418668,April_6
418682,April_7
418691,April_8
418706,April_9
419148,Apsis
421957,Arabic_language
434174,Area
434800,Area_codes_in_Germany
436376,Argentina
437972,Argument_of_periapsis
440919,Arizona
453100,Arrondissements_of_France
457205,Arthropod
462315,Artist
472437,Asia
472808,Asian_(U.S._Census)
478879,Association_football
481424,Asteroid
487092,Athens
487833,Athletics_(track_and_field)
489491,Atlanta,_Georgia
499026,August_1
499029,August_10
499037,August_11
499043,August_12
499048,August_13
499053,August_14
499059,August_15
499080,August_16
499086,August_17
499091,August_18
499099,August_19
499144,August_2
499149,August_20
499221,August_21
499226,August_22
499231,August_23
499236,August_24
499241,August_25
499246,August_26
499251,August_27
499256,August_28
499266,August_29
499275,August_3
499278,August_30
499286,August_31
499294,August_4
499299,August_5
499304,August_6
499309,August_7
499315,August_8
499321,August_9
505135,Australia
508777,Austria
509959,Author
516780,Aviation
524216,Azerbaijan
530528,BBC
566857,Bangladesh
590720,Baseball
593589,Basketball
594399,Bass_guitar
598837,Batting_average
626485,Beijing
630330,Belgium
649441,Berlin
681825,Billboard_Hot_100
686242,Binomial_nomenclature
687300,Biographical_Directory_of_the_United_States_Congress
687324,Biography
687618,Biological_classification
689391,Bird
692974,Bishop
755222,Boston
755255,Boston,_Massachusetts
774931,Brazil
792600,British_Columbia
795801,British_national_grid_reference_system
821412,Building
822984,Bulgaria
829323,Burgomaster
851455,CAS_registry_number
852945,CBS
880698,California
884590,Call_sign
896161,Canada
907257,Cantons_of_France
921275,Caribbean
964099,Census
964102,Census-designated_place
967346,Central_European_Summer_Time
967347,Central_European_Time
1015849,Chemical_formula
1025198,Chicago
1025249,Chicago,_Illinois
1031569,Chile
1033539,China
1037067,Chinese_language
1045817,Chordata
1045819,Chordate
1051918,Christian
1054785,Christianity
1078771,City
1081085,City_of_license
1083259,Civil_township
1125409,College_football
1128094,Colombia
1130514,Colorado
1136810,Comedy
1143931,Communes_of_France
1147874,Company_(law)
1149539,Compilation_album
1150772,Composer
1153751,Comune
1162652,Connecticut
1165553,Conservation_status
1165699,Conservative_Party_(UK)
1168426,Constituent_country
1173045,Contributing_property
1187884,Corporation
1198405,Countries_of_the_world
1198895,Country_music
1201051,County_seat
1215638,Cricket
1219904,Croatia
1231190,Cuba
1250479,Czech_Republic
1264295,DVD
1300332,Date_of_establishment
1319777,Daylight_saving_time
1331423,December_1
1331427,December_10
1331432,December_11
1331438,December_12
1331443,December_13
1331447,December_14
1331452,December_15
1331456,December_16
1331460,December_17
1331465,December_18
1331472,December_19
1331520,December_2
1331524,December_20
1331619,December_21
1331626,December_22
1331630,December_23
1331646,December_26
1331651,December_27
1331656,December_28
1331661,December_29
1331666,December_3
1331669,December_30
1331674,December_31
1331681,December_4
1331687,December_5
1331693,December_6
1331701,December_7
1331710,December_8
1331717,December_9
1336658,Defender_(football)
1345952,Democratic_Party_(United_States)
1347072,Demographics_of_France
1348387,Demonym
1351346,Denmark
1353370,Density
1355876,Departments_of_France
1356081,Dependent_territory
1380146,Dictionary_of_American_Naval_Fighting_Ships
1386743,Digital_object_identifier
1406560,Districts_of_England
1406569,Districts_of_Germany
1455839,Drainage_basin
1456188,Drama
1463265,Drum_kit
1467036,Dublin
1506476,Earth
1523218,Ecuador
1529483,Edinburgh
1544066,Effective_radiated_power
1546825,Egypt
1569176,Elevation
1593933,Employment
1597226,Encyclopædia_Britannica_Eleventh_Edition
1597989,Endemism
1601519,England
1603276,English_language
1606282,Ensembl
1608243,Entrez
1613751,Epoch_(astronomy)
1638292,Estuary
1640751,Ethiopia
1650573,Europe
1652889,European_Union
1665854,Exempli_gratia
1670218,Extended_play
1690696,Facility_ID
1700252,Family_(biology)
1715227,February_1
1715231,February_10
1715237,February_11
1715245,February_12
1715252,February_13
1715261,February_14
1715269,February_15
1715283,February_16
1715289,February_17
1715298,February_18
1715307,February_19
1715348,February_2
1715352,February_20
1715427,February_21
1715434,February_22
1715441,February_23
1715449,February_24
1715455,February_25
1715462,February_26
1715472,February_27
1715478,February_28
1715492,February_3
1715504,February_4
1715512,February_5
1715521,February_6
1715532,February_7
1715538,February_8
1715544,February_9
1717039,Federal_Information_Processing_Standard
1735245,Fictional_character
1741340,Film
1741616,Film_director
1744518,Find_A_Grave
1745984,Finland
1749203,Fire_service_in_the_United_Kingdom
1767021,Flight_airspeed_record
1767022,Flight_altitude_record
1767070,Flight_distance_record
1767073,Flight_endurance_record
1770603,Florida
1773129,Flowering_plant
1781618,Foot_(length)
1781630,Foot_(unit_of_length)
1781824,Football_(soccer)
1782735,Football_club_names
1788441,Forest
1804986,France
1840972,French_language
1842453,Frequency
1912082,Gene
1920018,Genus
1920395,Geocode
1921845,Geographic_Names_Information_System
1921890,Geographic_coordinate_system
1922062,Geography
1935785,George_W._Bush
1939238,Georgia_(U.S._state)
1947674,German_car_number_plates
1947988,German_language
1948883,Germany
1975069,Glasgow
1985683,Gmina
2034767,Great_Britain
2040703,Greece
2041772,Greek_language
2070954,Guitar
2107329,HUGO
2109627,Habitat
2139807,Hardcover
2152782,Harvard_University
2159971,Hawaii
2171774,Hebrew_language
2217423,High_school
2228454,Hip_hop_music
2231863,Hispanic_(U.S._Census)
2232794,Historic_district_(United_States)
2233817,History
2239906,History_of_the_National_Register_of_Historic_Places
2258637,HomoloGene
2261170,Hong_Kong
2298361,Hungary
2326128,INSEE_code
2330913,IUCN_Red_List
2342054,Ice_hockey
2354640,Illinois
2367213,Inch
2367662,Inclination
2370447,India
2373313,Indiana
2374802,Indie_rock
2376213,Indonesia
2377977,Industry
2386672,Insect
2396232,International_Air_Transport_Association_airport_code
2396906,International_Civil_Aviation_Organization_airport_code
2399506,International_Standard_Book_Number
2401004,Internet
2401294,Internet_Movie_Database
2413410,Iran
2414431,Iraq
2415295,Ireland
2426471,Islam
2431653,Israel
2437507,Italian_language
2437900,Italy
2496661,January_1
2496667,January_10
2496674,January_11
2496681,January_12
2496688,January_13
2496695,January_14
2496701,January_15
2496709,January_16
2496716,January_17
2496723,January_18
2496731,January_19
2496779,January_2
2496784,January_20
2496860,January_21
2496868,January_22
2496874,January_23
2496881,January_24
2496888,January_25
2496894,January_26
2496900,January_27
2496909,January_28
2496917,January_29
2496926,January_3
2496930,January_30
2496936,January_31
2496947,January_4
2496956,January_5
2496965,January_6
2496972,January_7
2496979,January_8
2496986,January_9
2497500,Japan
2500342,Japanese_language
2509303,Jazz
2533526,Jew
2623643,Journalist
2638811,July_1
2638816,July_10
2638823,July_11
2638833,July_12
2638839,July_13
2638846,July_14
2638853,July_15
2638860,July_16
2638868,July_17
2638875,July_18
2638883,July_19
2638928,July_2
2638932,July_20
2639028,July_21
2639039,July_22
2639048,July_23
2639057,July_24
2639064,July_25
2639071,July_26
2639079,July_27
2639086,July_28
2639092,July_29
2639102,July_3
2639106,July_30
2639112,July_31
2639122,July_4
2639130,July_5
2639137,July_6
2639144,July_7
2639166,July_8
2639173,July_9
2640555,June_1
2640560,June_10
2640573,June_11
2640583,June_12
2640592,June_13
2640602,June_14
2640611,June_15
2640621,June_16
2640630,June_17
2640639,June_18
2640650,June_19
2640693,June_2
2640698,June_20
2640775,June_21
2640781,June_22
2640789,June_23
2640795,June_24
2640803,June_25
2640814,June_26
2640820,June_27
2640826,June_28
2640832,June_29
2640848,June_3
2640854,June_30
2640867,June_4
2640883,June_5
2640891,June_6
2640902,June_7
2640910,June_8
2640918,June_9
2712233,Keeper_of_the_Register
2724356,Kentucky
2724948,Kenya
2745111,Kilogram
2745168,Kilometre
2762363,Kit_(association_football)
2768574,Km²
2784007,Korea
2837195,Labour_Party_(UK)
2846268,Lake
2876077,Latin
2876678,Latino_(U.S._Census)
2882951,Law
2894847,Least_Concern
2983253,List_of_National_Register_of_Historic_Places_entries
2984141,List_of_North_American_broadcast_station_classes
2996133,List_of_United_Kingdom_Parliament_constituencies
2996166,List_of_United_Kingdom_locations
3000061,List_of_accidents_and_incidents_involving_commercial_aircraft
3000062,List_of_accidents_and_incidents_involving_general_aviation
3000063,List_of_accidents_and_incidents_involving_military_aircraft
3000383,List_of_air_forces
3000388,List_of_aircraft
3000415,List_of_aircraft_engine_manufacturers_(alphabetical)
3000420,List_of_aircraft_engines
3000426,List_of_aircraft_manufacturers
3000506,List_of_aircraft_weapons
3000620,List_of_airports
3001892,List_of_areas_in_the_United_States_National_Park_System
3008781,List_of_capitals_in_the_United_States
3011418,List_of_college_athletic_conferences
3013310,List_of_countries
3016343,List_of_experimental_aircraft
3025762,List_of_missiles
3026061,List_of_most_produced_aircraft
3030824,List_of_people_who_died_in_aviation_accidents_and_incidents
3031395,List_of_places_in_England
3031981,List_of_police_forces_in_the_United_Kingdom
3032634,List_of_postal_codes_in_Germany
3038184,List_of_sovereign_states
3045583,List_of_unmanned_aerial_vehicles
3049054,Lithuania
3072654,London
3078798,Longitude_of_the_ascending_node
3088028,Los_Angeles
3088035,Los_Angeles,_California
3098344,Louisiana
3169781,Magnoliopsida
3178338,Major_League_Baseball
3183390,Malaysia
3193642,Manchester
3211200,March_1
3211204,March_10
3211209,March_11
3211227,March_12
3211233,March_13
3211238,March_14
3211248,March_15
3211256,March_16
3211265,March_17
3211271,March_18
3211279,March_19
3211330,March_2
3211336,March_20
3211423,March_21
3211429,March_22
3211437,March_23
3211447,March_24
3211457,March_25
3211466,March_26
3211475,March_27
3211484,March_28
3211495,March_29
3211510,March_3
3211514,March_30
3211523,March_31
3211540,March_4
3211549,March_5
3211555,March_6
3211562,March_7
3211570,March_8
3211578,March_9
3240494,Marriage
3254493,Maryland
3260305,Massachusetts
3266921,Mathematics
3283549,May_1
3283555,May_10
3283564,May_11
3283572,May_12
3283581,May_13
3283594,May_14
3283602,May_15
3283617,May_16
3283629,May_17
3283646,May_18
3283660,May_19
3283735,May_2
3283739,May_20
3283826,May_21
3283836,May_22
3283847,May_23
3283856,May_24
3283866,May_25
3283874,May_26
3283884,May_27
3283893,May_28
3283915,May_29
3283930,May_3
3283935,May_30
3283946,May_31
3283965,May_4
3283978,May_5
3283988,May_6
3283999,May_7
3284008,May_8
3284022,May_9
3286001,Mayor
3294332,Mean_anomaly
3299197,Medical_Subject_Headings
3299769,Medicine
3308066,Melbourne
3311985,Member_of_Parliament
3312359,Members_of_the_European_Parliament_for_the_United_Kingdom_2004-2009
3331185,Metre
3333311,Metropolitan_and_non-metropolitan_counties_of_England
3335081,Mexico
3350068,Michigan
3355262,Microsoft_Windows
3357264,Middle_East
3358859,Midfielder
3372318,Mile
3389645,Minnesota
3391195,Minor_planet_names
3401067,Missouri
3437442,Montreal
3447019,Morocco
3450536,Moscow
3456572,Motto
3464282,Mouse_Genome_Informatics
3483307,Munich
3484225,Municipality
3491377,Music
3492254,Music_genre
3493640,Musical_instrument
3493788,Musician
3498305,MySpace
3512739,NASA
3513813,NBC
3516266,NFL_Draft
3552725,National_Football_League
3554090,National_Hockey_League
3556614,National_Register_of_Historic_Places
3562658,Nationality
3562927,Native_American_(U.S._Census)
3563041,Native_Americans_in_the_United_States
3569235,Nazi_Germany
3587465,Netherlands
3598075,New_Jersey
3601591,New_South_Wales
3603035,New_York
3603437,New_York_City
3606573,New_York_Times
3607033,New_Zealand
3613145,Newspaper
3628378,Nigeria
3662151,North_America
3662244,North_American_Central_Time_Zone
3662280,North_American_Eastern_Time_Zone
3662563,North_American_call_sign
3663394,North_Carolina
3671032,Northern_Ireland
3674975,Norway
3681859,Novel
3682045,November_1
3682048,November_10
3682054,November_11
3682060,November_12
3682064,November_13
3682069,November_14
3682076,November_15
3682081,November_16
3682086,November_17
3682095,November_18
3682099,November_19
3682151,November_2
3682154,November_20
3682212,November_21
3682219,November_22
3682226,November_23
3682232,November_24
3682238,November_25
3682243,November_26
3682248,November_27
3682252,November_28
3682256,November_29
3682262,November_3
3682265,November_30
3682274,November_4
3682278,November_5
3682283,November_6
3682288,November_7
3682295,November_8
3682300,November_9
3712597,October_1
3712600,October_10
3712606,October_11
3712637,October_12
3712641,October_13
3712649,October_14
3712654,October_15
3712659,October_16
3712664,October_17
3712670,October_18
3712678,October_19
3712736,October_2
3712739,October_20
3712809,October_21
3712815,October_22
3712822,October_23
3712827,October_24
3712833,October_25
3712838,October_26
3712843,October_27
3712849,October_28
3712856,October_29
3712864,October_3
3712870,October_30
3712876,October_31
3712886,October_4
3712891,October_5
3712914,October_6
3712921,October_7
3712933,October_8
3712940,October_9
3721693,Ohio
3739554,Olympic_Games
3739854,Olympic_medalist
3751689,Ontario
3757116,Operating_system
3766108,Orbit
3766260,Orbital_eccentricity
3766300,Orbital_period
3769317,Oregon
3790986,Ottoman_Empire
3819072,Pacific_Islander_(U.S._Census)
3819212,Pacific_Ocean
3824563,Painting
3825531,Pakistan
3842387,Paperback
3850181,Paris
3854045,Parliament_of_the_United_Kingdom
3899776,Pennsylvania
3903981,People's_Republic_of_China
3906702,Per_capita_income
3915373,Personal_name
3916208,Peru
3937218,Philadelphia
3937238,Philadelphia,_Pennsylvania
3942619,Philippines
3944387,Philosophy
3952147,Piano
3968465,Pinyin
3979494,Plant
3992956,Poet
3997849,Poland
4002307,Political_divisions_of_the_United_States
4002688,Political_party
4003069,Politician
4003966,Politics_of_present-day_nations_and_states
4013399,Pop_music
4015913,Population
4015997,Population_density
4020234,Portable_Document_Format
4023070,Portugal
4026502,Post_town
4031097,Pound_(mass)
4031749,Poverty_line
4034519,Powiat
4046884,President_of_the_United_States
4067059,Product_(business)
4073785,Property_type_(National_Register_of_Historic_Places)
4079705,Provinces_of_Italy
4080285,Provisional_designation_in_astronomy
4089591,Public_domain
4090384,Publisher
4092146,Puerto_Rico
4096317,Punk_rock
4116857,Quebec
4120391,Queensland
4141642,Race_(United_States_Census)
4145480,Radio
4146979,Radio_format
4147169,Radio_station
4152882,Rail_transport
4189168,Record_label
4189215,Record_producer
4203242,Regions_of_England
4203248,Regions_of_France
4203263,Regions_of_Italy
4203348,Regions_of_the_United_States
4217444,Republic_of_Ireland
4218108,Republican_Party_(United_States)
4260573,River
4265180,Road
4288238,Rock_music
4300289,Rolling_Stone
4301426,Roman_Catholic
4302220,Roman_Catholic_Church
4306671,Romania
4307913,Rome
4335217,Royal_Navy
4344319,Rugby_union
4348580,Runway
4351989,Russia
4353393,Russian_language
4438263,San_Francisco
4438279,San_Francisco,_California
4482375,School
4487157,Science_fiction
4490320,Scotland
4508407,Second_World_War
4529911,September_1
4529915,September_10
4529923,September_11
4530075,September_12
4530083,September_13
4530091,September_14
4530099,September_15
4530110,September_16
4530118,September_17
4530125,September_18
4530134,September_19
4530182,September_2
4530185,September_20
4530255,September_21
4530263,September_22
4530271,September_23
4530280,September_24
4530288,September_25
4530296,September_26
4530304,September_27
4530312,September_28
4530319,September_29
4530332,September_3
4530335,September_30
4530349,September_4
4530357,September_5
4530365,September_6
4530374,September_7
4530382,September_8
4530392,September_9
4531628,Serbia
4610525,Singapore
4611225,Singer
4611415,Singing
4611853,Single_(music)
4638900,Slogan
4639497,Slovakia
4652484,Soccer
4669945,Song
4671409,Songwriter
4681238,South_Africa
4681890,South_America
4685159,South_Korea
4693429,Soviet_Union
4696900,Spain
4698528,Spanish_language
4702331,Species
4713306,Sport
4720022,Square_kilometer
4720025,Square_kilometre
4720054,Square_mile
4721618,Sri_Lanka
4743382,Stadium
4747397,Standard_asteroid_physical_characteristics
4771056,States_of_Germany
4794828,Stockholm
4807478,Striker
4813259,Studio_album
4856540,Sweden
4861926,Switzerland
4863315,Sydney
4868818,Synonym_(taxonomy)
4869756,Syria
4897616,Taiwan
4935409,Telephone_numbering_plan
4936083,Television
4942445,Tennessee
4942960,Tennis
4949244,Territory_(country_subdivision)
4954785,Texas
4958677,Thailand
5001926,The_Guardian
5025110,The_New_York_Times
5115901,Time_zone
5116839,Timeline_of_aviation
5132591,Tokyo
5153370,Toronto
5161737,Town
5168528,Train_station
5185303,Tributary
5212415,Turkey
5237340,U.S._state
5241865,UK
5242440,UK_Singles_Chart
5242787,UK_postcodes
5252582,USA
5275322,UTC+1
5275332,UTC+2
5275365,UTC-4
5275367,UTC-5
5275368,UTC-6
5281968,Ukraine
5295862,Unincorporated_area
5300058,United_Kingdom
5300727,United_Nations
5302153,United_States
5302814,United_States_Army
5303187,United_States_Census,_2000
5303198,United_States_Census_Bureau
5303315,United_States_Congress
5303990,United_States_Geological_Survey
5304800,United_States_House_of_Representatives
5306145,United_States_Navy
5306799,United_States_Senate
5308062,United_States_dollar
5308413,United_States_of_America
5308545,United_States_postal_abbreviations
5312512,University
5371022,Venezuela
5386039,Victoria_(Australia)
5388704,Video_game
5388755,Video_game_developer
5388768,Video_game_genres
5388797,Video_game_publisher
5389668,Vienna
5390315,Vietnam
5390496,Vietnam_War
5394902,Village
5404118,Virginia
5418528,Voivodeships_of_Poland
5426753,Vulnerable_species
5459095,Wales
5477568,Washington
5477621,Washington,_D.C.
5484996,Watt
5492723,Website
5524334,White_(U.S._Census)
5535280,Wikimedia_Commons
5535567,Wikiquote
5535583,Wikisource
5535664,Wiktionary
5576341,Wisconsin
5594302,World_Conservation_Union
5596263,World_War_I
5596267,World_War_II
5601388,Writer
5658888,ZIP_code
